125403,136916,178529,194450,198427,209945,248352,281301,290854,291086,304458,321683,349023,354068,379876,384924,395234,409854,425432,453752,468392,472603,482497,527809,559132,576298,580470,580634,597927,603972,614059,628041,651347,682651,713651,714152,735971,819061,883691,914348,961362,961962,265980,923841,732758,745137,291514,786351,347384,905745,175962,651782,221795,671482,871642,308913,854079,621073,356986,560265,436105,360648,124140,496459,281792,289386,739296,219195,591790,978089,649213,714860,741152,963845,587678,270690,350259,924154,416749,103507,401052,692703,437598,206765,654134,750340,516750,810398,348641,492952,510309,736094,186250,953842,250658,378356,526401,540712,245609,851857,289403,412240,481950,619401,950264,392593,379265,683364,693436,743957,760412,948936,249875,302513,378536,475895,501564,569154,973106,527765,815230,890189,437063,789290,854548,861459,714150,169673,687270,842246,340175,417803,612523,872180,905061,725137,194201,359378,376193,653436
90.0,665.0,1739.0,65.0,47.0,168.0,1713.0,965.0,632.0,507.0,499.0,478.0,2522.0,460.0,245.0,738.0,102.0,120.0,1994.0,96.0,969.0,319.0,182.0,199.0,428.0,301.0,467.0,506.0,1321.0,513.0,240.0,186.0,54.0,373.0,192.0,298.0,877.0,640.0,159.0,660.0,182.0,16.0,0.0,0.0,0.0,0.0,0.0,0.0,0.0,0.0,0.0,0.0,0.0,0.0,0.0,0.0,0.0,0.0,0.0,0.0,0.0,0.0,0.0,0.0,0.0,0.0,0.0,0.0,0.0,0.0,0.0,0.0,0.0,0.0,0.0,0.0,0.0,0.0,0.0,0.0,0.0,0.0,0.0,0.0,0.0,0.0,0.0,0.0,0.0,0.0,0.0,0.0,0.0,0.0,0.0,0.0,0.0,0.0,0.0,0.0,0.0,0.0,0.0,0.0,0.0,0.0,0.0,0.0,0.0,0.0,0.0,0.0,0.0,0.0,0.0,0.0,0.0,0.0,0.0,0.0,0.0,0.0,0.0,0.0,0.0,0.0,0.0,0.0,0.0,0.0,0.0,0.0,0.0,0.0,0.0,0.0,0.0,0.0,0.0,0.0
156.0,351.0,1493.0,59.0,21.0,107.0,1117.0,650.0,276.0,272.0,167.0,248.0,1571.0,202.0,154.0,496.0,130.0,52.0,1274.0,10.0,443.0,160.0,125.0,78.0,276.0,436.0,295.0,322.0,968.0,247.0,135.0,99.0,27.0,281.0,173.0,131.0,490.0,430.0,122.0,307.0,51.0,5.0,26.0,0.0,0.0,0.0,0.0,0.0,0.0,0.0,0.0,0.0,0.0,0.0,0.0,0.0,0.0,0.0,0.0,0.0,0.0,0.0,0.0,0.0,0.0,0.0,0.0,0.0,0.0,0.0,0.0,0.0,0.0,0.0,0.0,0.0,0.0,0.0,0.0,0.0,0.0,0.0,0.0,0.0,0.0,0.0,0.0,0.0,0.0,0.0,0.0,0.0,0.0,0.0,0.0,0.0,0.0,0.0,0.0,0.0,0.0,0.0,0.0,0.0,0.0,0.0,0.0,0.0,0.0,0.0,0.0,0.0,0.0,0.0,0.0,0.0,0.0,0.0,0.0,0.0,0.0,0.0,0.0,0.0,0.0,0.0,0.0,0.0,0.0,0.0,0.0,0.0,0.0,0.0,0.0,0.0,0.0,0.0,0.0,0.0
91.0,274.0,1248.0,30.0,10.0,206.0,1293.0,745.0,260.0,385.0,275.0,172.0,2106.0,322.0,133.0,570.0,224.0,138.0,1283.0,38.0,354.0,176.0,143.0,149.0,228.0,412.0,272.0,395.0,726.0,273.0,106.0,124.0,72.0,297.0,136.0,128.0,662.0,351.0,196.0,316.0,130.0,21.0,64.0,53.0,0.0,0.0,0.0,0.0,0.0,0.0,0.0,0.0,0.0,0.0,0.0,0.0,0.0,0.0,0.0,0.0,0.0,0.0,0.0,0.0,0.0,0.0,0.0,0.0,0.0,0.0,0.0,0.0,0.0,0.0,0.0,0.0,0.0,0.0,0.0,0.0,0.0,0.0,0.0,0.0,0.0,0.0,0.0,0.0,0.0,0.0,0.0,0.0,0.0,0.0,0.0,0.0,0.0,0.0,0.0,0.0,0.0,0.0,0.0,0.0,0.0,0.0,0.0,0.0,0.0,0.0,0.0,0.0,0.0,0.0,0.0,0.0,0.0,0.0,0.0,0.0,0.0,0.0,0.0,0.0,0.0,0.0,0.0,0.0,0.0,0.0,0.0,0.0,0.0,0.0,0.0,0.0,0.0,0.0,0.0,0.0
74.0,231.0,895.0,18.0,10.0,198.0,1192.0,759.0,330.0,489.0,141.0,207.0,1436.0,184.0,63.0,537.0,47.0,155.0,1038.0,10.0,247.0,101.0,80.0,116.0,186.0,499.0,225.0,322.0,828.0,317.0,96.0,152.0,72.0,243.0,99.0,152.0,688.0,414.0,154.0,195.0,93.0,11.0,83.0,44.0,7.0,0.0,0.0,0.0,0.0,0.0,0.0,0.0,0.0,0.0,0.0,0.0,0.0,0.0,0.0,0.0,0.0,0.0,0.0,0.0,0.0,0.0,0.0,0.0,0.0,0.0,0.0,0.0,0.0,0.0,0.0,0.0,0.0,0.0,0.0,0.0,0.0,0.0,0.0,0.0,0.0,0.0,0.0,0.0,0.0,0.0,0.0,0.0,0.0,0.0,0.0,0.0,0.0,0.0,0.0,0.0,0.0,0.0,0.0,0.0,0.0,0.0,0.0,0.0,0.0,0.0,0.0,0.0,0.0,0.0,0.0,0.0,0.0,0.0,0.0,0.0,0.0,0.0,0.0,0.0,0.0,0.0,0.0,0.0,0.0,0.0,0.0,0.0,0.0,0.0,0.0,0.0,0.0,0.0,0.0,0.0
130.0,375.0,918.0,59.0,10.0,221.0,1310.0,863.0,375.0,516.0,282.0,342.0,2571.0,303.0,140.0,571.0,168.0,190.0,1556.0,10.0,403.0,59.0,137.0,132.0,311.0,625.0,271.0,570.0,755.0,466.0,174.0,219.0,81.0,335.0,192.0,180.0,1024.0,421.0,244.0,326.0,119.0,16.0,122.0,88.0,7.0,8.0,0.0,0.0,0.0,0.0,0.0,0.0,0.0,0.0,0.0,0.0,0.0,0.0,0.0,0.0,0.0,0.0,0.0,0.0,0.0,0.0,0.0,0.0,0.0,0.0,0.0,0.0,0.0,0.0,0.0,0.0,0.0,0.0,0.0,0.0,0.0,0.0,0.0,0.0,0.0,0.0,0.0,0.0,0.0,0.0,0.0,0.0,0.0,0.0,0.0,0.0,0.0,0.0,0.0,0.0,0.0,0.0,0.0,0.0,0.0,0.0,0.0,0.0,0.0,0.0,0.0,0.0,0.0,0.0,0.0,0.0,0.0,0.0,0.0,0.0,0.0,0.0,0.0,0.0,0.0,0.0,0.0,0.0,0.0,0.0,0.0,0.0,0.0,0.0,0.0,0.0,0.0,0.0,0.0,0.0
164.0,410.0,683.0,36.0,0.0,213.0,881.0,679.0,392.0,638.0,191.0,529.0,2425.0,230.0,98.0,436.0,74.0,198.0,1001.0,0.0,247.0,143.0,91.0,88.0,297.0,491.0,249.0,396.0,939.0,494.0,144.0,205.0,81.0,319.0,130.0,253.0,1247.0,360.0,196.0,289.0,62.0,48.0,51.0,115.0,28.0,214.0,0.0,0.0,0.0,0.0,0.0,0.0,0.0,0.0,0.0,0.0,0.0,0.0,0.0,0.0,0.0,0.0,0.0,0.0,0.0,0.0,0.0,0.0,0.0,0.0,0.0,0.0,0.0,0.0,0.0,0.0,0.0,0.0,0.0,0.0,0.0,0.0,0.0,0.0,0.0,0.0,0.0,0.0,0.0,0.0,0.0,0.0,0.0,0.0,0.0,0.0,0.0,0.0,0.0,0.0,0.0,0.0,0.0,0.0,0.0,0.0,0.0,0.0,0.0,0.0,0.0,0.0,0.0,0.0,0.0,0.0,0.0,0.0,0.0,0.0,0.0,0.0,0.0,0.0,0.0,0.0,0.0,0.0,0.0,0.0,0.0,0.0,0.0,0.0,0.0,0.0,0.0,0.0,0.0,0.0
188.0,537.0,873.0,36.0,21.0,243.0,1202.0,891.0,500.0,751.0,282.0,836.0,2367.0,414.0,119.0,621.0,121.0,207.0,1165.0,29.0,325.0,176.0,194.0,127.0,255.0,767.0,313.0,433.0,995.0,653.0,259.0,258.0,72.0,402.0,192.0,342.0,1282.0,437.0,218.0,345.0,115.0,37.0,237.0,88.0,35.0,352.0,0.0,0.0,0.0,0.0,0.0,0.0,0.0,0.0,0.0,0.0,0.0,0.0,0.0,0.0,0.0,0.0,0.0,0.0,0.0,0.0,0.0,0.0,0.0,0.0,0.0,0.0,0.0,0.0,0.0,0.0,0.0,0.0,0.0,0.0,0.0,0.0,0.0,0.0,0.0,0.0,0.0,0.0,0.0,0.0,0.0,0.0,0.0,0.0,0.0,0.0,0.0,0.0,0.0,0.0,0.0,0.0,0.0,0.0,0.0,0.0,0.0,0.0,0.0,0.0,0.0,0.0,0.0,0.0,0.0,0.0,0.0,0.0,0.0,0.0,0.0,0.0,0.0,0.0,0.0,0.0,0.0,0.0,0.0,0.0,0.0,0.0,0.0,0.0,0.0,0.0,0.0,0.0,0.0,0.0
131.0,462.0,644.0,24.0,0.0,252.0,975.0,606.0,320.0,686.0,191.0,646.0,2009.0,415.0,161.0,469.0,102.0,259.0,700.0,29.0,342.0,210.0,177.0,121.0,325.0,640.0,277.0,469.0,1024.0,599.0,125.0,152.0,90.0,327.0,118.0,348.0,1358.0,523.0,191.0,391.0,99.0,27.0,269.0,290.0,35.0,377.0,0.0,0.0,0.0,0.0,0.0,0.0,0.0,0.0,0.0,0.0,0.0,0.0,0.0,0.0,0.0,0.0,0.0,0.0,0.0,0.0,0.0,0.0,0.0,0.0,0.0,0.0,0.0,0.0,0.0,0.0,0.0,0.0,0.0,0.0,0.0,0.0,0.0,0.0,0.0,0.0,0.0,0.0,0.0,0.0,0.0,0.0,0.0,0.0,0.0,0.0,0.0,0.0,0.0,0.0,0.0,0.0,0.0,0.0,0.0,0.0,0.0,0.0,0.0,0.0,0.0,0.0,0.0,0.0,0.0,0.0,0.0,0.0,0.0,0.0,0.0,0.0,0.0,0.0,0.0,0.0,0.0,0.0,0.0,0.0,0.0,0.0,0.0,0.0,0.0,0.0,0.0,0.0,0.0,0.0
124.0,366.0,694.0,42.0,0.0,274.0,1177.0,767.0,250.0,667.0,209.0,750.0,2202.0,440.0,147.0,672.0,140.0,216.0,847.0,29.0,263.0,185.0,200.0,154.0,166.0,657.0,313.0,313.0,995.0,536.0,144.0,159.0,36.0,251.0,111.0,247.0,1092.0,547.0,276.0,409.0,73.0,5.0,211.0,598.0,49.0,476.0,5.0,98.0,0.0,0.0,0.0,0.0,0.0,0.0,0.0,0.0,0.0,0.0,0.0,0.0,0.0,0.0,0.0,0.0,0.0,0.0,0.0,0.0,0.0,0.0,0.0,0.0,0.0,0.0,0.0,0.0,0.0,0.0,0.0,0.0,0.0,0.0,0.0,0.0,0.0,0.0,0.0,0.0,0.0,0.0,0.0,0.0,0.0,0.0,0.0,0.0,0.0,0.0,0.0,0.0,0.0,0.0,0.0,0.0,0.0,0.0,0.0,0.0,0.0,0.0,0.0,0.0,0.0,0.0,0.0,0.0,0.0,0.0,0.0,0.0,0.0,0.0,0.0,0.0,0.0,0.0,0.0,0.0,0.0,0.0,0.0,0.0,0.0,0.0,0.0,0.0,0.0,0.0,0.0,0.0
107.0,477.0,742.0,42.0,5.0,342.0,1327.0,841.0,223.0,630.0,132.0,809.0,3154.0,350.0,252.0,662.0,139.0,232.0,1457.0,38.0,167.0,167.0,200.0,132.0,83.0,633.0,266.0,203.0,995.0,582.0,183.0,336.0,90.0,273.0,87.0,404.0,1497.0,719.0,243.0,502.0,40.0,11.0,250.0,792.0,21.0,689.0,0.0,274.0,175.0,0.0,0.0,0.0,0.0,0.0,0.0,0.0,0.0,0.0,0.0,0.0,0.0,0.0,0.0,0.0,0.0,0.0,0.0,0.0,0.0,0.0,0.0,0.0,0.0,0.0,0.0,0.0,0.0,0.0,0.0,0.0,0.0,0.0,0.0,0.0,0.0,0.0,0.0,0.0,0.0,0.0,0.0,0.0,0.0,0.0,0.0,0.0,0.0,0.0,0.0,0.0,0.0,0.0,0.0,0.0,0.0,0.0,0.0,0.0,0.0,0.0,0.0,0.0,0.0,0.0,0.0,0.0,0.0,0.0,0.0,0.0,0.0,0.0,0.0,0.0,0.0,0.0,0.0,0.0,0.0,0.0,0.0,0.0,0.0,0.0,0.0,0.0,0.0,0.0,0.0,0.0
147.0,206.0,872.0,95.0,10.0,205.0,1126.0,1044.0,134.0,601.0,217.0,512.0,2114.0,404.0,245.0,496.0,130.0,216.0,1121.0,57.0,246.0,109.0,148.0,51.0,111.0,616.0,213.0,184.0,680.0,449.0,126.0,126.0,27.0,221.0,118.0,247.0,1170.0,562.0,223.0,279.0,68.0,42.0,244.0,633.0,28.0,591.0,0.0,307.0,717.0,12.0,0.0,0.0,0.0,0.0,0.0,0.0,0.0,0.0,0.0,0.0,0.0,0.0,0.0,0.0,0.0,0.0,0.0,0.0,0.0,0.0,0.0,0.0,0.0,0.0,0.0,0.0,0.0,0.0,0.0,0.0,0.0,0.0,0.0,0.0,0.0,0.0,0.0,0.0,0.0,0.0,0.0,0.0,0.0,0.0,0.0,0.0,0.0,0.0,0.0,0.0,0.0,0.0,0.0,0.0,0.0,0.0,0.0,0.0,0.0,0.0,0.0,0.0,0.0,0.0,0.0,0.0,0.0,0.0,0.0,0.0,0.0,0.0,0.0,0.0,0.0,0.0,0.0,0.0,0.0,0.0,0.0,0.0,0.0,0.0,0.0,0.0,0.0,0.0,0.0,0.0
123.0,358.0,639.0,65.0,16.0,107.0,2050.0,679.0,213.0,545.0,84.0,630.0,1969.0,469.0,154.0,537.0,84.0,190.0,1101.0,58.0,269.0,159.0,103.0,111.0,145.0,703.0,290.0,257.0,1024.0,494.0,86.0,133.0,72.0,167.0,142.0,140.0,912.0,819.0,238.0,373.0,93.0,5.0,198.0,502.0,7.0,631.0,10.0,443.0,2070.0,71.0,8.0,0.0,0.0,0.0,0.0,0.0,0.0,0.0,0.0,0.0,0.0,0.0,0.0,0.0,0.0,0.0,0.0,0.0,0.0,0.0,0.0,0.0,0.0,0.0,0.0,0.0,0.0,0.0,0.0,0.0,0.0,0.0,0.0,0.0,0.0,0.0,0.0,0.0,0.0,0.0,0.0,0.0,0.0,0.0,0.0,0.0,0.0,0.0,0.0,0.0,0.0,0.0,0.0,0.0,0.0,0.0,0.0,0.0,0.0,0.0,0.0,0.0,0.0,0.0,0.0,0.0,0.0,0.0,0.0,0.0,0.0,0.0,0.0,0.0,0.0,0.0,0.0,0.0,0.0,0.0,0.0,0.0,0.0,0.0,0.0,0.0,0.0,0.0,0.0,0.0
238.0,613.0,1465.0,106.0,31.0,283.0,1428.0,1555.0,676.0,1089.0,348.0,792.0,4123.0,1167.0,378.0,789.0,335.0,180.0,2712.0,76.0,627.0,277.0,245.0,105.0,303.0,1020.0,413.0,487.0,857.0,810.0,326.0,219.0,81.0,403.0,260.0,432.0,2193.0,741.0,323.0,718.0,129.0,21.0,825.0,1048.0,49.0,714.0,30.0,1002.0,2281.0,142.0,63.0,0.0,0.0,0.0,0.0,0.0,0.0,0.0,0.0,0.0,0.0,0.0,0.0,0.0,0.0,0.0,0.0,0.0,0.0,0.0,0.0,0.0,0.0,0.0,0.0,0.0,0.0,0.0,0.0,0.0,0.0,0.0,0.0,0.0,0.0,0.0,0.0,0.0,0.0,0.0,0.0,0.0,0.0,0.0,0.0,0.0,0.0,0.0,0.0,0.0,0.0,0.0,0.0,0.0,0.0,0.0,0.0,0.0,0.0,0.0,0.0,0.0,0.0,0.0,0.0,0.0,0.0,0.0,0.0,0.0,0.0,0.0,0.0,0.0,0.0,0.0,0.0,0.0,0.0,0.0,0.0,0.0,0.0,0.0,0.0,0.0,0.0,0.0,0.0,0.0
90.0,214.0,943.0,77.0,0.0,114.0,1099.0,825.0,178.0,442.0,141.0,442.0,1863.0,633.0,245.0,436.0,167.0,189.0,1437.0,38.0,264.0,184.0,97.0,45.0,70.0,1098.0,231.0,295.0,716.0,326.0,67.0,112.0,63.0,167.0,68.0,207.0,1136.0,531.0,175.0,280.0,63.0,27.0,563.0,520.0,7.0,335.0,50.0,593.0,1812.0,36.0,64.0,0.0,0.0,0.0,0.0,0.0,0.0,0.0,0.0,0.0,0.0,0.0,0.0,0.0,0.0,0.0,0.0,0.0,0.0,0.0,0.0,0.0,0.0,0.0,0.0,0.0,0.0,0.0,0.0,0.0,0.0,0.0,0.0,0.0,0.0,0.0,0.0,0.0,0.0,0.0,0.0,0.0,0.0,0.0,0.0,0.0,0.0,0.0,0.0,0.0,0.0,0.0,0.0,0.0,0.0,0.0,0.0,0.0,0.0,0.0,0.0,0.0,0.0,0.0,0.0,0.0,0.0,0.0,0.0,0.0,0.0,0.0,0.0,0.0,0.0,0.0,0.0,0.0,0.0,0.0,0.0,0.0,0.0,0.0,0.0,0.0,0.0,0.0,0.0,0.0
156.0,341.0,999.0,65.0,26.0,122.0,747.0,686.0,303.0,715.0,91.0,494.0,1717.0,469.0,224.0,403.0,112.0,190.0,1704.0,67.0,203.0,42.0,103.0,67.0,97.0,688.0,325.0,174.0,689.0,546.0,106.0,179.0,72.0,273.0,86.0,173.0,972.0,460.0,191.0,353.0,62.0,16.0,404.0,502.0,28.0,476.0,45.0,443.0,1692.0,118.0,126.0,5.0,0.0,0.0,0.0,0.0,0.0,0.0,0.0,0.0,0.0,0.0,0.0,0.0,0.0,0.0,0.0,0.0,0.0,0.0,0.0,0.0,0.0,0.0,0.0,0.0,0.0,0.0,0.0,0.0,0.0,0.0,0.0,0.0,0.0,0.0,0.0,0.0,0.0,0.0,0.0,0.0,0.0,0.0,0.0,0.0,0.0,0.0,0.0,0.0,0.0,0.0,0.0,0.0,0.0,0.0,0.0,0.0,0.0,0.0,0.0,0.0,0.0,0.0,0.0,0.0,0.0,0.0,0.0,0.0,0.0,0.0,0.0,0.0,0.0,0.0,0.0,0.0,0.0,0.0,0.0,0.0,0.0,0.0,0.0,0.0,0.0,0.0,0.0,0.0
139.0,317.0,781.0,48.0,10.0,168.0,916.0,826.0,223.0,649.0,116.0,477.0,2386.0,533.0,126.0,470.0,121.0,181.0,1447.0,77.0,258.0,134.0,120.0,110.0,152.0,640.0,302.0,239.0,539.0,466.0,106.0,113.0,54.0,349.0,111.0,241.0,1214.0,468.0,133.0,280.0,67.0,42.0,236.0,678.0,21.0,655.0,20.0,411.0,1812.0,83.0,237.0,27.0,9.0,0.0,0.0,0.0,0.0,0.0,0.0,0.0,0.0,0.0,0.0,0.0,0.0,0.0,0.0,0.0,0.0,0.0,0.0,0.0,0.0,0.0,0.0,0.0,0.0,0.0,0.0,0.0,0.0,0.0,0.0,0.0,0.0,0.0,0.0,0.0,0.0,0.0,0.0,0.0,0.0,0.0,0.0,0.0,0.0,0.0,0.0,0.0,0.0,0.0,0.0,0.0,0.0,0.0,0.0,0.0,0.0,0.0,0.0,0.0,0.0,0.0,0.0,0.0,0.0,0.0,0.0,0.0,0.0,0.0,0.0,0.0,0.0,0.0,0.0,0.0,0.0,0.0,0.0,0.0,0.0,0.0,0.0,0.0,0.0,0.0,0.0,0.0
230.0,546.0,907.0,77.0,5.0,236.0,1066.0,1169.0,436.0,912.0,241.0,912.0,3269.0,884.0,238.0,664.0,103.0,284.0,2137.0,105.0,409.0,194.0,194.0,110.0,256.0,641.0,313.0,276.0,744.0,626.0,182.0,199.0,90.0,540.0,148.0,325.0,2012.0,608.0,191.0,557.0,58.0,127.0,288.0,880.0,35.0,623.0,70.0,690.0,2291.0,172.0,229.0,26.0,91.0,6.0,49.0,0.0,0.0,0.0,0.0,0.0,0.0,0.0,0.0,0.0,0.0,0.0,0.0,0.0,0.0,0.0,0.0,0.0,0.0,0.0,0.0,0.0,0.0,0.0,0.0,0.0,0.0,0.0,0.0,0.0,0.0,0.0,0.0,0.0,0.0,0.0,0.0,0.0,0.0,0.0,0.0,0.0,0.0,0.0,0.0,0.0,0.0,0.0,0.0,0.0,0.0,0.0,0.0,0.0,0.0,0.0,0.0,0.0,0.0,0.0,0.0,0.0,0.0,0.0,0.0,0.0,0.0,0.0,0.0,0.0,0.0,0.0,0.0,0.0,0.0,0.0,0.0,0.0,0.0,0.0,0.0,0.0,0.0,0.0,0.0,0.0
131.0,349.0,684.0,42.0,5.0,174.0,731.0,701.0,268.0,704.0,215.0,750.0,1921.0,496.0,126.0,277.0,103.0,240.0,1356.0,115.0,280.0,117.0,182.0,72.0,201.0,411.0,296.0,294.0,623.0,494.0,192.0,145.0,107.0,282.0,80.0,174.0,1161.0,437.0,180.0,325.0,47.0,48.0,230.0,740.0,42.0,582.0,40.0,456.0,1583.0,118.0,206.0,37.0,45.0,44.0,69.0,0.0,0.0,0.0,0.0,0.0,0.0,0.0,0.0,0.0,0.0,0.0,0.0,0.0,0.0,0.0,0.0,0.0,0.0,0.0,0.0,0.0,0.0,0.0,0.0,0.0,0.0,0.0,0.0,0.0,0.0,0.0,0.0,0.0,0.0,0.0,0.0,0.0,0.0,0.0,0.0,0.0,0.0,0.0,0.0,0.0,0.0,0.0,0.0,0.0,0.0,0.0,0.0,0.0,0.0,0.0,0.0,0.0,0.0,0.0,0.0,0.0,0.0,0.0,0.0,0.0,0.0,0.0,0.0,0.0,0.0,0.0,0.0,0.0,0.0,0.0,0.0,0.0,0.0,0.0,0.0,0.0,0.0,0.0,0.0,0.0
246.0,452.0,759.0,54.0,0.0,265.0,847.0,927.0,357.0,733.0,323.0,1030.0,2697.0,525.0,140.0,402.0,84.0,276.0,1692.0,124.0,247.0,185.0,205.0,105.0,229.0,435.0,467.0,239.0,604.0,537.0,106.0,231.0,81.0,395.0,93.0,202.0,1582.0,491.0,223.0,353.0,79.0,101.0,243.0,784.0,35.0,566.0,40.0,560.0,2024.0,148.0,269.0,32.0,136.0,72.0,74.0,114.0,121.0,0.0,0.0,0.0,0.0,0.0,0.0,0.0,0.0,0.0,0.0,0.0,0.0,0.0,0.0,0.0,0.0,0.0,0.0,0.0,0.0,0.0,0.0,0.0,0.0,0.0,0.0,0.0,0.0,0.0,0.0,0.0,0.0,0.0,0.0,0.0,0.0,0.0,0.0,0.0,0.0,0.0,0.0,0.0,0.0,0.0,0.0,0.0,0.0,0.0,0.0,0.0,0.0,0.0,0.0,0.0,0.0,0.0,0.0,0.0,0.0,0.0,0.0,0.0,0.0,0.0,0.0,0.0,0.0,0.0,0.0,0.0,0.0,0.0,0.0,0.0,0.0,0.0,0.0,0.0,0.0,0.0,0.0,0.0
155.0,478.0,644.0,24.0,0.0,327.0,639.0,775.0,365.0,723.0,299.0,783.0,2939.0,542.0,231.0,487.0,140.0,387.0,1838.0,134.0,213.0,176.0,233.0,84.0,159.0,633.0,366.0,340.0,550.0,493.0,97.0,159.0,90.0,357.0,123.0,291.0,1506.0,444.0,292.0,279.0,62.0,164.0,307.0,827.0,28.0,435.0,40.0,580.0,1921.0,160.0,356.0,42.0,109.0,128.0,155.0,238.0,308.0,103.0,0.0,0.0,0.0,0.0,0.0,0.0,0.0,0.0,0.0,0.0,0.0,0.0,0.0,0.0,0.0,0.0,0.0,0.0,0.0,0.0,0.0,0.0,0.0,0.0,0.0,0.0,0.0,0.0,0.0,0.0,0.0,0.0,0.0,0.0,0.0,0.0,0.0,0.0,0.0,0.0,0.0,0.0,0.0,0.0,0.0,0.0,0.0,0.0,0.0,0.0,0.0,0.0,0.0,0.0,0.0,0.0,0.0,0.0,0.0,0.0,0.0,0.0,0.0,0.0,0.0,0.0,0.0,0.0,0.0,0.0,0.0,0.0,0.0,0.0,0.0,0.0,0.0,0.0,0.0,0.0,0.0,0.0
172.0,715.0,958.0,36.0,16.0,335.0,722.0,891.0,419.0,676.0,307.0,987.0,3348.0,736.0,203.0,581.0,149.0,413.0,2147.0,143.0,190.0,92.0,228.0,62.0,318.0,720.0,396.0,295.0,642.0,616.0,96.0,133.0,72.0,577.0,111.0,297.0,1548.0,648.0,303.0,380.0,68.0,196.0,160.0,687.0,21.0,1197.0,55.0,794.0,2446.0,141.0,387.0,58.0,92.0,100.0,180.0,197.0,340.0,320.0,84.0,0.0,0.0,0.0,0.0,0.0,0.0,0.0,0.0,0.0,0.0,0.0,0.0,0.0,0.0,0.0,0.0,0.0,0.0,0.0,0.0,0.0,0.0,0.0,0.0,0.0,0.0,0.0,0.0,0.0,0.0,0.0,0.0,0.0,0.0,0.0,0.0,0.0,0.0,0.0,0.0,0.0,0.0,0.0,0.0,0.0,0.0,0.0,0.0,0.0,0.0,0.0,0.0,0.0,0.0,0.0,0.0,0.0,0.0,0.0,0.0,0.0,0.0,0.0,0.0,0.0,0.0,0.0,0.0,0.0,0.0,0.0,0.0,0.0,0.0,0.0,0.0,0.0,0.0,0.0,0.0,0.0
114.0,546.0,884.0,30.0,0.0,198.0,1040.0,906.0,436.0,356.0,258.0,953.0,3260.0,533.0,294.0,421.0,102.0,404.0,1702.0,144.0,213.0,101.0,222.0,67.0,200.0,664.0,349.0,322.0,503.0,492.0,145.0,158.0,116.0,328.0,106.0,258.0,1394.0,546.0,249.0,306.0,73.0,207.0,262.0,713.0,21.0,507.0,65.0,489.0,1848.0,112.0,340.0,106.0,110.0,116.0,241.0,402.0,397.0,498.0,91.0,27.0,0.0,0.0,0.0,0.0,0.0,0.0,0.0,0.0,0.0,0.0,0.0,0.0,0.0,0.0,0.0,0.0,0.0,0.0,0.0,0.0,0.0,0.0,0.0,0.0,0.0,0.0,0.0,0.0,0.0,0.0,0.0,0.0,0.0,0.0,0.0,0.0,0.0,0.0,0.0,0.0,0.0,0.0,0.0,0.0,0.0,0.0,0.0,0.0,0.0,0.0,0.0,0.0,0.0,0.0,0.0,0.0,0.0,0.0,0.0,0.0,0.0,0.0,0.0,0.0,0.0,0.0,0.0,0.0,0.0,0.0,0.0,0.0,0.0,0.0,0.0,0.0,0.0,0.0,0.0,0.0
222.0,452.0,730.0,30.0,5.0,267.0,765.0,905.0,338.0,338.0,183.0,877.0,3037.0,635.0,126.0,605.0,112.0,448.0,1846.0,163.0,129.0,177.0,222.0,106.0,172.0,530.0,437.0,193.0,558.0,449.0,58.0,159.0,72.0,304.0,93.0,364.0,1325.0,562.0,307.0,371.0,93.0,259.0,256.0,703.0,28.0,771.0,115.0,417.0,2126.0,141.0,513.0,80.0,173.0,139.0,136.0,319.0,373.0,686.0,210.0,48.0,12.0,0.0,0.0,0.0,0.0,0.0,0.0,0.0,0.0,0.0,0.0,0.0,0.0,0.0,0.0,0.0,0.0,0.0,0.0,0.0,0.0,0.0,0.0,0.0,0.0,0.0,0.0,0.0,0.0,0.0,0.0,0.0,0.0,0.0,0.0,0.0,0.0,0.0,0.0,0.0,0.0,0.0,0.0,0.0,0.0,0.0,0.0,0.0,0.0,0.0,0.0,0.0,0.0,0.0,0.0,0.0,0.0,0.0,0.0,0.0,0.0,0.0,0.0,0.0,0.0,0.0,0.0,0.0,0.0,0.0,0.0,0.0,0.0,0.0,0.0,0.0,0.0,0.0,0.0,0.0
99.0,392.0,587.0,30.0,0.0,221.0,1100.0,738.0,108.0,451.0,150.0,724.0,2552.0,680.0,315.0,370.0,121.0,283.0,1510.0,106.0,129.0,110.0,148.0,100.0,221.0,348.0,496.0,258.0,642.0,546.0,67.0,113.0,45.0,220.0,68.0,157.0,903.0,601.0,238.0,354.0,87.0,223.0,288.0,572.0,21.0,623.0,75.0,476.0,2824.0,89.0,316.0,37.0,81.0,100.0,123.0,262.0,357.0,423.0,196.0,129.0,82.0,0.0,0.0,0.0,0.0,0.0,0.0,0.0,0.0,0.0,0.0,0.0,0.0,0.0,0.0,0.0,0.0,0.0,0.0,0.0,0.0,0.0,0.0,0.0,0.0,0.0,0.0,0.0,0.0,0.0,0.0,0.0,0.0,0.0,0.0,0.0,0.0,0.0,0.0,0.0,0.0,0.0,0.0,0.0,0.0,0.0,0.0,0.0,0.0,0.0,0.0,0.0,0.0,0.0,0.0,0.0,0.0,0.0,0.0,0.0,0.0,0.0,0.0,0.0,0.0,0.0,0.0,0.0,0.0,0.0,0.0,0.0,0.0,0.0,0.0,0.0,0.0,0.0,0.0,0.0
164.0,639.0,1567.0,71.0,16.0,343.0,1629.0,1073.0,472.0,1043.0,373.0,1369.0,4860.0,718.0,483.0,822.0,233.0,569.0,3212.0,354.0,393.0,160.0,239.0,172.0,311.0,1076.0,726.0,295.0,1144.0,819.0,183.0,297.0,223.0,373.0,230.0,422.0,2323.0,1077.0,467.0,604.0,176.0,450.0,928.0,1083.0,84.0,1214.0,135.0,1009.0,4856.0,201.0,680.0,149.0,218.0,276.0,173.0,476.0,729.0,1279.0,301.0,177.0,284.0,122.0,0.0,0.0,0.0,0.0,0.0,0.0,0.0,0.0,0.0,0.0,0.0,0.0,0.0,0.0,0.0,0.0,0.0,0.0,0.0,0.0,0.0,0.0,0.0,0.0,0.0,0.0,0.0,0.0,0.0,0.0,0.0,0.0,0.0,0.0,0.0,0.0,0.0,0.0,0.0,0.0,0.0,0.0,0.0,0.0,0.0,0.0,0.0,0.0,0.0,0.0,0.0,0.0,0.0,0.0,0.0,0.0,0.0,0.0,0.0,0.0,0.0,0.0,0.0,0.0,0.0,0.0,0.0,0.0,0.0,0.0,0.0,0.0,0.0,0.0,0.0,0.0,0.0,0.0
89.0,307.0,975.0,30.0,10.0,191.0,713.0,759.0,268.0,526.0,107.0,826.0,2135.0,396.0,161.0,512.0,84.0,301.0,1493.0,201.0,274.0,118.0,182.0,44.0,152.0,908.0,254.0,138.0,605.0,423.0,96.0,244.0,72.0,312.0,104.0,324.0,980.0,554.0,312.0,390.0,46.0,143.0,570.0,493.0,42.0,672.0,45.0,534.0,2088.0,95.0,435.0,64.0,119.0,110.0,136.0,205.0,422.0,931.0,196.0,170.0,154.0,112.0,0.0,0.0,0.0,0.0,0.0,0.0,0.0,0.0,0.0,0.0,0.0,0.0,0.0,0.0,0.0,0.0,0.0,0.0,0.0,0.0,0.0,0.0,0.0,0.0,0.0,0.0,0.0,0.0,0.0,0.0,0.0,0.0,0.0,0.0,0.0,0.0,0.0,0.0,0.0,0.0,0.0,0.0,0.0,0.0,0.0,0.0,0.0,0.0,0.0,0.0,0.0,0.0,0.0,0.0,0.0,0.0,0.0,0.0,0.0,0.0,0.0,0.0,0.0,0.0,0.0,0.0,0.0,0.0,0.0,0.0,0.0,0.0,0.0,0.0,0.0,0.0,0.0,0.0
156.0,189.0,872.0,47.0,0.0,236.0,815.0,759.0,205.0,489.0,100.0,1030.0,1960.0,478.0,105.0,386.0,47.0,431.0,1783.0,219.0,208.0,76.0,103.0,55.0,187.0,617.0,395.0,138.0,782.0,502.0,97.0,389.0,72.0,312.0,87.0,296.0,1118.0,617.0,259.0,566.0,57.0,165.0,384.0,652.0,56.0,803.0,70.0,391.0,2152.0,160.0,562.0,128.0,82.0,199.0,149.0,278.0,357.0,1373.0,147.0,82.0,207.0,217.0,0.0,0.0,0.0,0.0,0.0,0.0,0.0,0.0,0.0,0.0,0.0,0.0,0.0,0.0,0.0,0.0,0.0,0.0,0.0,0.0,0.0,0.0,0.0,0.0,0.0,0.0,0.0,0.0,0.0,0.0,0.0,0.0,0.0,0.0,0.0,0.0,0.0,0.0,0.0,0.0,0.0,0.0,0.0,0.0,0.0,0.0,0.0,0.0,0.0,0.0,0.0,0.0,0.0,0.0,0.0,0.0,0.0,0.0,0.0,0.0,0.0,0.0,0.0,0.0,0.0,0.0,0.0,0.0,0.0,0.0,0.0,0.0,0.0,0.0,0.0,0.0,0.0,0.0
230.0,257.0,632.0,36.0,0.0,282.0,891.0,702.0,188.0,658.0,175.0,1251.0,2271.0,552.0,238.0,437.0,83.0,439.0,1857.0,230.0,229.0,117.0,211.0,72.0,166.0,616.0,431.0,147.0,679.0,494.0,134.0,423.0,36.0,281.0,123.0,358.0,1453.0,492.0,329.0,364.0,72.0,133.0,211.0,643.0,105.0,926.0,130.0,521.0,2088.0,160.0,522.0,117.0,164.0,177.0,223.0,320.0,332.0,1363.0,203.0,102.0,273.0,254.0,0.0,0.0,0.0,0.0,0.0,0.0,0.0,0.0,0.0,0.0,0.0,0.0,0.0,0.0,0.0,0.0,0.0,0.0,0.0,0.0,0.0,0.0,0.0,0.0,0.0,0.0,0.0,0.0,0.0,0.0,0.0,0.0,0.0,0.0,0.0,0.0,0.0,0.0,0.0,0.0,0.0,0.0,0.0,0.0,0.0,0.0,0.0,0.0,0.0,0.0,0.0,0.0,0.0,0.0,0.0,0.0,0.0,0.0,0.0,0.0,0.0,0.0,0.0,0.0,0.0,0.0,0.0,0.0,0.0,0.0,0.0,0.0,0.0,0.0,0.0,0.0,0.0,0.0
65.0,233.0,513.0,36.0,0.0,282.0,723.0,723.0,276.0,827.0,207.0,1387.0,2328.0,616.0,133.0,344.0,74.0,568.0,1931.0,287.0,258.0,209.0,194.0,116.0,160.0,696.0,573.0,358.0,632.0,405.0,144.0,548.0,18.0,364.0,105.0,246.0,1428.0,469.0,408.0,279.0,47.0,138.0,211.0,484.0,112.0,934.0,75.0,618.0,2310.0,118.0,474.0,84.0,155.0,182.0,192.0,311.0,364.0,1175.0,217.0,197.0,302.0,160.0,15.0,29.0,0.0,0.0,0.0,0.0,0.0,0.0,0.0,0.0,0.0,0.0,0.0,0.0,0.0,0.0,0.0,0.0,0.0,0.0,0.0,0.0,0.0,0.0,0.0,0.0,0.0,0.0,0.0,0.0,0.0,0.0,0.0,0.0,0.0,0.0,0.0,0.0,0.0,0.0,0.0,0.0,0.0,0.0,0.0,0.0,0.0,0.0,0.0,0.0,0.0,0.0,0.0,0.0,0.0,0.0,0.0,0.0,0.0,0.0,0.0,0.0,0.0,0.0,0.0,0.0,0.0,0.0,0.0,0.0,0.0,0.0,0.0,0.0,0.0,0.0,0.0,0.0
106.0,300.0,456.0,41.0,0.0,311.0,596.0,671.0,125.0,817.0,100.0,1105.0,1891.0,321.0,147.0,293.0,37.0,414.0,1474.0,125.0,230.0,125.0,165.0,67.0,125.0,554.0,466.0,119.0,651.0,493.0,77.0,442.0,89.0,440.0,129.0,354.0,1256.0,382.0,313.0,111.0,25.0,79.0,224.0,415.0,133.0,844.0,55.0,502.0,1997.0,195.0,380.0,68.0,209.0,143.0,167.0,213.0,292.0,1203.0,238.0,300.0,266.0,121.0,83.0,240.0,49.0,89.0,0.0,0.0,0.0,0.0,0.0,0.0,0.0,0.0,0.0,0.0,0.0,0.0,0.0,0.0,0.0,0.0,0.0,0.0,0.0,0.0,0.0,0.0,0.0,0.0,0.0,0.0,0.0,0.0,0.0,0.0,0.0,0.0,0.0,0.0,0.0,0.0,0.0,0.0,0.0,0.0,0.0,0.0,0.0,0.0,0.0,0.0,0.0,0.0,0.0,0.0,0.0,0.0,0.0,0.0,0.0,0.0,0.0,0.0,0.0,0.0,0.0,0.0,0.0,0.0,0.0,0.0,0.0,0.0,0.0,0.0,0.0,0.0,0.0,0.0
222.0,334.0,314.0,36.0,0.0,358.0,654.0,722.0,276.0,846.0,158.0,1413.0,2435.0,580.0,182.0,344.0,139.0,595.0,1775.0,154.0,280.0,134.0,165.0,73.0,139.0,609.0,490.0,165.0,810.0,686.0,106.0,476.0,170.0,350.0,68.0,420.0,1720.0,468.0,414.0,408.0,52.0,122.0,237.0,713.0,77.0,967.0,85.0,729.0,2872.0,149.0,482.0,74.0,237.0,110.0,136.0,189.0,315.0,978.0,308.0,198.0,272.0,186.0,195.0,413.0,49.0,157.0,6.0,0.0,0.0,0.0,0.0,0.0,0.0,0.0,0.0,0.0,0.0,0.0,0.0,0.0,0.0,0.0,0.0,0.0,0.0,0.0,0.0,0.0,0.0,0.0,0.0,0.0,0.0,0.0,0.0,0.0,0.0,0.0,0.0,0.0,0.0,0.0,0.0,0.0,0.0,0.0,0.0,0.0,0.0,0.0,0.0,0.0,0.0,0.0,0.0,0.0,0.0,0.0,0.0,0.0,0.0,0.0,0.0,0.0,0.0,0.0,0.0,0.0,0.0,0.0,0.0,0.0,0.0,0.0,0.0,0.0,0.0,0.0,0.0,0.0
147.0,324.0,359.0,18.0,0.0,297.0,612.0,687.0,116.0,657.0,334.0,1386.0,2502.0,570.0,245.0,285.0,83.0,525.0,1465.0,172.0,179.0,117.0,160.0,95.0,77.0,562.0,555.0,257.0,606.0,616.0,29.0,541.0,134.0,282.0,31.0,465.0,1187.0,359.0,249.0,484.0,25.0,85.0,211.0,765.0,77.0,975.0,50.0,455.0,2493.0,166.0,459.0,42.0,319.0,127.0,193.0,304.0,349.0,1015.0,140.0,197.0,331.0,112.0,113.0,356.0,49.0,148.0,234.0,15.0,23.0,18.0,0.0,0.0,0.0,0.0,0.0,0.0,0.0,0.0,0.0,0.0,0.0,0.0,0.0,0.0,0.0,0.0,0.0,0.0,0.0,0.0,0.0,0.0,0.0,0.0,0.0,0.0,0.0,0.0,0.0,0.0,0.0,0.0,0.0,0.0,0.0,0.0,0.0,0.0,0.0,0.0,0.0,0.0,0.0,0.0,0.0,0.0,0.0,0.0,0.0,0.0,0.0,0.0,0.0,0.0,0.0,0.0,0.0,0.0,0.0,0.0,0.0,0.0,0.0,0.0,0.0,0.0,0.0,0.0,0.0,0.0
139.0,377.0,525.0,65.0,0.0,396.0,1151.0,927.0,276.0,1025.0,366.0,1395.0,2853.0,634.0,357.0,537.0,46.0,715.0,2466.0,324.0,208.0,99.0,137.0,112.0,167.0,720.0,532.0,284.0,651.0,881.0,115.0,628.0,143.0,266.0,98.0,409.0,2056.0,546.0,265.0,474.0,41.0,181.0,211.0,1126.0,56.0,1008.0,80.0,970.0,3322.0,219.0,594.0,95.0,300.0,188.0,186.0,500.0,437.0,1072.0,266.0,224.0,502.0,188.0,174.0,566.0,39.0,236.0,642.0,50.0,171.0,158.0,10.0,112.0,0.0,0.0,0.0,0.0,0.0,0.0,0.0,0.0,0.0,0.0,0.0,0.0,0.0,0.0,0.0,0.0,0.0,0.0,0.0,0.0,0.0,0.0,0.0,0.0,0.0,0.0,0.0,0.0,0.0,0.0,0.0,0.0,0.0,0.0,0.0,0.0,0.0,0.0,0.0,0.0,0.0,0.0,0.0,0.0,0.0,0.0,0.0,0.0,0.0,0.0,0.0,0.0,0.0,0.0,0.0,0.0,0.0,0.0,0.0,0.0,0.0,0.0,0.0,0.0,0.0,0.0,0.0,0.0
98.0,307.0,491.0,36.0,0.0,320.0,866.0,737.0,286.0,1015.0,331.0,1380.0,1871.0,616.0,322.0,395.0,84.0,698.0,2174.0,191.0,225.0,110.0,148.0,145.0,152.0,562.0,390.0,202.0,846.0,520.0,192.0,687.0,241.0,290.0,61.0,399.0,1824.0,632.0,345.0,419.0,67.0,127.0,262.0,1056.0,98.0,1099.0,90.0,1003.0,3045.0,142.0,657.0,95.0,310.0,138.0,192.0,401.0,284.0,950.0,203.0,157.0,413.0,121.0,225.0,500.0,118.0,138.0,822.0,65.0,71.0,437.0,5.0,471.0,21.0,55.0,0.0,0.0,0.0,0.0,0.0,0.0,0.0,0.0,0.0,0.0,0.0,0.0,0.0,0.0,0.0,0.0,0.0,0.0,0.0,0.0,0.0,0.0,0.0,0.0,0.0,0.0,0.0,0.0,0.0,0.0,0.0,0.0,0.0,0.0,0.0,0.0,0.0,0.0,0.0,0.0,0.0,0.0,0.0,0.0,0.0,0.0,0.0,0.0,0.0,0.0,0.0,0.0,0.0,0.0,0.0,0.0,0.0,0.0,0.0,0.0,0.0,0.0,0.0,0.0,0.0,0.0
188.0,256.0,513.0,24.0,0.0,289.0,747.0,871.0,143.0,694.0,432.0,971.0,1407.0,358.0,273.0,403.0,56.0,750.0,1857.0,229.0,234.0,109.0,142.0,78.0,118.0,396.0,384.0,212.0,604.0,414.0,96.0,469.0,143.0,251.0,75.0,314.0,1651.0,749.0,261.0,438.0,47.0,105.0,199.0,791.0,98.0,1008.0,85.0,671.0,2538.0,113.0,442.0,90.0,245.0,149.0,223.0,297.0,341.0,836.0,217.0,143.0,396.0,103.0,263.0,499.0,118.0,235.0,762.0,110.0,164.0,447.0,35.0,455.0,76.0,194.0,117.0,0.0,0.0,0.0,0.0,0.0,0.0,0.0,0.0,0.0,0.0,0.0,0.0,0.0,0.0,0.0,0.0,0.0,0.0,0.0,0.0,0.0,0.0,0.0,0.0,0.0,0.0,0.0,0.0,0.0,0.0,0.0,0.0,0.0,0.0,0.0,0.0,0.0,0.0,0.0,0.0,0.0,0.0,0.0,0.0,0.0,0.0,0.0,0.0,0.0,0.0,0.0,0.0,0.0,0.0,0.0,0.0,0.0,0.0,0.0,0.0,0.0,0.0,0.0,0.0,0.0
164.0,249.0,616.0,36.0,16.0,304.0,1300.0,664.0,259.0,826.0,581.0,954.0,2088.0,396.0,224.0,445.0,75.0,688.0,2020.0,240.0,296.0,185.0,137.0,117.0,173.0,499.0,396.0,156.0,660.0,484.0,183.0,620.0,339.0,244.0,56.0,386.0,1471.0,624.0,259.0,688.0,35.0,186.0,211.0,925.0,63.0,910.0,110.0,722.0,3461.0,143.0,1627.0,74.0,136.0,243.0,173.0,378.0,430.0,1155.0,287.0,232.0,396.0,140.0,248.0,692.0,177.0,187.0,1032.0,125.0,266.0,439.0,51.0,641.0,83.0,139.0,262.0,0.0,0.0,0.0,0.0,0.0,0.0,0.0,0.0,0.0,0.0,0.0,0.0,0.0,0.0,0.0,0.0,0.0,0.0,0.0,0.0,0.0,0.0,0.0,0.0,0.0,0.0,0.0,0.0,0.0,0.0,0.0,0.0,0.0,0.0,0.0,0.0,0.0,0.0,0.0,0.0,0.0,0.0,0.0,0.0,0.0,0.0,0.0,0.0,0.0,0.0,0.0,0.0,0.0,0.0,0.0,0.0,0.0,0.0,0.0,0.0,0.0,0.0,0.0,0.0,0.0
147.0,444.0,924.0,30.0,57.0,608.0,1697.0,1204.0,580.0,1420.0,672.0,1837.0,4434.0,1389.0,371.0,696.0,195.0,1180.0,3484.0,363.0,661.0,327.0,274.0,200.0,380.0,799.0,727.0,432.0,1014.0,1100.0,287.0,1016.0,446.0,449.0,111.0,774.0,2976.0,1178.0,541.0,1061.0,72.0,340.0,505.0,1769.0,161.0,1853.0,180.0,1229.0,5337.0,284.0,727.0,127.0,282.0,303.0,279.0,796.0,721.0,2030.0,462.0,272.0,719.0,272.0,286.0,1124.0,304.0,441.0,1260.0,200.0,468.0,800.0,76.0,1129.0,366.0,297.0,592.0,58.0,48.0,36.0,0.0,0.0,0.0,0.0,0.0,0.0,0.0,0.0,0.0,0.0,0.0,0.0,0.0,0.0,0.0,0.0,0.0,0.0,0.0,0.0,0.0,0.0,0.0,0.0,0.0,0.0,0.0,0.0,0.0,0.0,0.0,0.0,0.0,0.0,0.0,0.0,0.0,0.0,0.0,0.0,0.0,0.0,0.0,0.0,0.0,0.0,0.0,0.0,0.0,0.0,0.0,0.0,0.0,0.0,0.0,0.0,0.0,0.0,0.0,0.0,0.0,0.0
115.0,283.0,634.0,65.0,47.0,312.0,1453.0,745.0,347.0,921.0,580.0,1175.0,3163.0,774.0,203.0,503.0,130.0,1333.0,1893.0,240.0,381.0,210.0,142.0,84.0,235.0,783.0,431.0,267.0,706.0,546.0,231.0,495.0,303.0,259.0,111.0,526.0,1901.0,921.0,371.0,493.0,36.0,233.0,529.0,1180.0,112.0,1057.0,130.0,1002.0,4270.0,207.0,450.0,53.0,146.0,182.0,204.0,501.0,477.0,1824.0,273.0,177.0,650.0,140.0,294.0,1017.0,255.0,333.0,1134.0,200.0,366.0,799.0,66.0,1034.0,173.0,221.0,457.0,691.0,119.0,619.0,57.0,0.0,0.0,0.0,0.0,0.0,0.0,0.0,0.0,0.0,0.0,0.0,0.0,0.0,0.0,0.0,0.0,0.0,0.0,0.0,0.0,0.0,0.0,0.0,0.0,0.0,0.0,0.0,0.0,0.0,0.0,0.0,0.0,0.0,0.0,0.0,0.0,0.0,0.0,0.0,0.0,0.0,0.0,0.0,0.0,0.0,0.0,0.0,0.0,0.0,0.0,0.0,0.0,0.0,0.0,0.0,0.0,0.0,0.0,0.0,0.0,0.0
140.0,282.0,655.0,36.0,26.0,260.0,873.0,723.0,303.0,743.0,356.0,1165.0,1824.0,533.0,182.0,495.0,112.0,715.0,1729.0,267.0,253.0,226.0,240.0,73.0,229.0,902.0,302.0,221.0,474.0,573.0,241.0,627.0,294.0,426.0,93.0,499.0,1480.0,852.0,461.0,475.0,36.0,96.0,580.0,678.0,161.0,926.0,75.0,573.0,2438.0,112.0,356.0,80.0,182.0,243.0,180.0,312.0,340.0,1202.0,287.0,272.0,372.0,178.0,233.0,653.0,246.0,255.0,846.0,135.0,211.0,429.0,87.0,603.0,228.0,249.0,253.0,1689.0,206.0,673.0,187.0,58.0,0.0,0.0,0.0,0.0,0.0,0.0,0.0,0.0,0.0,0.0,0.0,0.0,0.0,0.0,0.0,0.0,0.0,0.0,0.0,0.0,0.0,0.0,0.0,0.0,0.0,0.0,0.0,0.0,0.0,0.0,0.0,0.0,0.0,0.0,0.0,0.0,0.0,0.0,0.0,0.0,0.0,0.0,0.0,0.0,0.0,0.0,0.0,0.0,0.0,0.0,0.0,0.0,0.0,0.0,0.0,0.0,0.0,0.0,0.0,0.0
270.0,291.0,508.0,12.0,36.0,388.0,724.0,649.0,224.0,940.0,331.0,997.0,1815.0,451.0,168.0,327.0,75.0,861.0,1765.0,287.0,202.0,344.0,200.0,73.0,180.0,665.0,219.0,120.0,501.0,440.0,250.0,588.0,205.0,228.0,49.0,348.0,1384.0,646.0,207.0,539.0,5.0,122.0,359.0,792.0,105.0,804.0,100.0,533.0,2025.0,142.0,371.0,105.0,218.0,144.0,224.0,295.0,300.0,1015.0,287.0,225.0,314.0,140.0,233.0,710.0,176.0,323.0,1026.0,205.0,273.0,260.0,46.0,487.0,159.0,173.0,378.0,1229.0,245.0,901.0,144.0,232.0,0.0,0.0,0.0,0.0,0.0,0.0,0.0,0.0,0.0,0.0,0.0,0.0,0.0,0.0,0.0,0.0,0.0,0.0,0.0,0.0,0.0,0.0,0.0,0.0,0.0,0.0,0.0,0.0,0.0,0.0,0.0,0.0,0.0,0.0,0.0,0.0,0.0,0.0,0.0,0.0,0.0,0.0,0.0,0.0,0.0,0.0,0.0,0.0,0.0,0.0,0.0,0.0,0.0,0.0,0.0,0.0,0.0,0.0,0.0,0.0
90.0,179.0,496.0,12.0,104.0,450.0,966.0,657.0,225.0,1081.0,440.0,1167.0,2008.0,532.0,189.0,478.0,130.0,886.0,1930.0,383.0,224.0,353.0,182.0,94.0,146.0,648.0,283.0,285.0,595.0,519.0,230.0,561.0,214.0,335.0,62.0,503.0,1471.0,468.0,254.0,557.0,20.0,149.0,237.0,810.0,105.0,836.0,165.0,703.0,2355.0,219.0,364.0,111.0,301.0,127.0,254.0,303.0,275.0,1156.0,350.0,183.0,407.0,113.0,338.0,557.0,246.0,295.0,810.0,150.0,266.0,418.0,56.0,509.0,228.0,242.0,283.0,1200.0,349.0,1038.0,150.0,226.0,6.0,53.0,0.0,0.0,0.0,0.0,0.0,0.0,0.0,0.0,0.0,0.0,0.0,0.0,0.0,0.0,0.0,0.0,0.0,0.0,0.0,0.0,0.0,0.0,0.0,0.0,0.0,0.0,0.0,0.0,0.0,0.0,0.0,0.0,0.0,0.0,0.0,0.0,0.0,0.0,0.0,0.0,0.0,0.0,0.0,0.0,0.0,0.0,0.0,0.0,0.0,0.0,0.0,0.0,0.0,0.0,0.0,0.0,0.0,0.0
164.0,300.0,320.0,12.0,47.0,327.0,653.0,547.0,153.0,978.0,440.0,1550.0,1737.0,422.0,154.0,353.0,84.0,799.0,1437.0,382.0,162.0,168.0,166.0,105.0,166.0,538.0,413.0,110.0,484.0,546.0,211.0,483.0,205.0,313.0,49.0,455.0,1926.0,600.0,244.0,539.0,20.0,53.0,276.0,643.0,105.0,655.0,155.0,632.0,1794.0,206.0,254.0,74.0,219.0,117.0,211.0,312.0,194.0,1381.0,322.0,265.0,420.0,206.0,309.0,404.0,206.0,295.0,750.0,130.0,219.0,372.0,51.0,393.0,290.0,249.0,310.0,759.0,325.0,828.0,129.0,286.0,36.0,163.0,23.0,0.0,0.0,0.0,0.0,0.0,0.0,0.0,0.0,0.0,0.0,0.0,0.0,0.0,0.0,0.0,0.0,0.0,0.0,0.0,0.0,0.0,0.0,0.0,0.0,0.0,0.0,0.0,0.0,0.0,0.0,0.0,0.0,0.0,0.0,0.0,0.0,0.0,0.0,0.0,0.0,0.0,0.0,0.0,0.0,0.0,0.0,0.0,0.0,0.0,0.0,0.0,0.0,0.0,0.0,0.0,0.0,0.0
213.0,264.0,319.0,6.0,78.0,343.0,747.0,613.0,179.0,1014.0,606.0,1312.0,1930.0,396.0,161.0,403.0,75.0,1059.0,1784.0,429.0,269.0,209.0,148.0,105.0,138.0,484.0,614.0,156.0,576.0,441.0,154.0,541.0,196.0,320.0,49.0,376.0,2425.0,547.0,196.0,539.0,25.0,85.0,300.0,528.0,63.0,1091.0,160.0,729.0,1839.0,295.0,387.0,90.0,201.0,122.0,199.0,311.0,203.0,1344.0,287.0,305.0,496.0,131.0,346.0,595.0,176.0,333.0,744.0,165.0,226.0,428.0,76.0,604.0,215.0,229.0,456.0,759.0,325.0,837.0,108.0,297.0,73.0,314.0,56.0,19.0,215.0,10.0,0.0,0.0,0.0,0.0,0.0,0.0,0.0,0.0,0.0,0.0,0.0,0.0,0.0,0.0,0.0,0.0,0.0,0.0,0.0,0.0,0.0,0.0,0.0,0.0,0.0,0.0,0.0,0.0,0.0,0.0,0.0,0.0,0.0,0.0,0.0,0.0,0.0,0.0,0.0,0.0,0.0,0.0,0.0,0.0,0.0,0.0,0.0,0.0,0.0,0.0,0.0,0.0,0.0,0.0
213.0,342.0,274.0,0.0,57.0,493.0,906.0,555.0,251.0,1221.0,522.0,1592.0,1455.0,534.0,105.0,345.0,93.0,1136.0,2302.0,295.0,180.0,218.0,211.0,127.0,111.0,554.0,462.0,92.0,521.0,511.0,220.0,621.0,276.0,320.0,37.0,487.0,2512.0,632.0,244.0,623.0,30.0,89.0,338.0,590.0,56.0,983.0,140.0,833.0,2235.0,236.0,309.0,95.0,200.0,143.0,180.0,278.0,211.0,1552.0,273.0,387.0,560.0,104.0,316.0,672.0,334.0,373.0,846.0,180.0,172.0,503.0,82.0,420.0,277.0,180.0,244.0,951.0,538.0,783.0,122.0,355.0,110.0,249.0,61.0,108.0,403.0,19.0,21.0,29.0,0.0,0.0,0.0,0.0,0.0,0.0,0.0,0.0,0.0,0.0,0.0,0.0,0.0,0.0,0.0,0.0,0.0,0.0,0.0,0.0,0.0,0.0,0.0,0.0,0.0,0.0,0.0,0.0,0.0,0.0,0.0,0.0,0.0,0.0,0.0,0.0,0.0,0.0,0.0,0.0,0.0,0.0,0.0,0.0,0.0,0.0,0.0,0.0,0.0,0.0,0.0,0.0
197.0,315.0,537.0,54.0,73.0,563.0,1419.0,796.0,419.0,1166.0,597.0,1966.0,1951.0,596.0,140.0,462.0,84.0,1126.0,2111.0,400.0,246.0,327.0,160.0,155.0,243.0,719.0,307.0,101.0,670.0,678.0,240.0,661.0,152.0,418.0,56.0,605.0,2795.0,1334.0,292.0,532.0,31.0,175.0,269.0,713.0,112.0,909.0,155.0,840.0,3791.0,248.0,348.0,64.0,228.0,172.0,204.0,196.0,341.0,1542.0,427.0,464.0,549.0,140.0,376.0,691.0,304.0,295.0,840.0,220.0,280.0,753.0,117.0,737.0,415.0,125.0,311.0,923.0,538.0,983.0,209.0,442.0,159.0,440.0,77.0,165.0,989.0,105.0,11.0,58.0,64.0,0.0,0.0,0.0,0.0,0.0,0.0,0.0,0.0,0.0,0.0,0.0,0.0,0.0,0.0,0.0,0.0,0.0,0.0,0.0,0.0,0.0,0.0,0.0,0.0,0.0,0.0,0.0,0.0,0.0,0.0,0.0,0.0,0.0,0.0,0.0,0.0,0.0,0.0,0.0,0.0,0.0,0.0,0.0,0.0,0.0,0.0,0.0,0.0,0.0,0.0,0.0
115.0,239.0,479.0,131.0,114.0,562.0,2362.0,694.0,161.0,1108.0,640.0,1573.0,1698.0,652.0,175.0,504.0,56.0,1159.0,1974.0,401.0,191.0,294.0,154.0,144.0,208.0,640.0,296.0,128.0,735.0,686.0,308.0,746.0,134.0,364.0,49.0,611.0,3811.0,2910.0,297.0,707.0,20.0,111.0,269.0,624.0,133.0,1082.0,150.0,664.0,6255.0,337.0,411.0,74.0,237.0,211.0,224.0,253.0,275.0,1419.0,490.0,381.0,414.0,178.0,241.0,682.0,314.0,393.0,1110.0,255.0,265.0,790.0,66.0,1045.0,387.0,215.0,301.0,1325.0,538.0,1192.0,193.0,1050.0,183.0,464.0,78.0,417.0,1053.0,181.0,127.0,105.0,202.0,0.0,0.0,0.0,0.0,0.0,0.0,0.0,0.0,0.0,0.0,0.0,0.0,0.0,0.0,0.0,0.0,0.0,0.0,0.0,0.0,0.0,0.0,0.0,0.0,0.0,0.0,0.0,0.0,0.0,0.0,0.0,0.0,0.0,0.0,0.0,0.0,0.0,0.0,0.0,0.0,0.0,0.0,0.0,0.0,0.0,0.0,0.0,0.0,0.0,0.0,0.0
148.0,247.0,399.0,178.0,68.0,517.0,916.0,643.0,117.0,1382.0,605.0,1515.0,1582.0,568.0,140.0,764.0,65.0,1454.0,2247.0,354.0,235.0,285.0,188.0,73.0,146.0,712.0,261.0,184.0,484.0,511.0,232.0,780.0,259.0,380.0,24.0,437.0,3337.0,1296.0,286.0,605.0,10.0,106.0,339.0,528.0,77.0,1098.0,155.0,651.0,3037.0,313.0,269.0,106.0,228.0,132.0,298.0,328.0,202.0,1531.0,434.0,504.0,348.0,160.0,271.0,855.0,324.0,529.0,882.0,185.0,195.0,659.0,92.0,504.0,710.0,263.0,398.0,884.0,585.0,1156.0,172.0,481.0,134.0,557.0,67.0,620.0,1275.0,200.0,101.0,96.0,321.0,40.0,0.0,0.0,0.0,0.0,0.0,0.0,0.0,0.0,0.0,0.0,0.0,0.0,0.0,0.0,0.0,0.0,0.0,0.0,0.0,0.0,0.0,0.0,0.0,0.0,0.0,0.0,0.0,0.0,0.0,0.0,0.0,0.0,0.0,0.0,0.0,0.0,0.0,0.0,0.0,0.0,0.0,0.0,0.0,0.0,0.0,0.0,0.0,0.0,0.0,0.0
213.0,290.0,508.0,130.0,161.0,351.0,2570.0,694.0,170.0,855.0,905.0,1183.0,1814.0,653.0,133.0,403.0,38.0,1230.0,1902.0,306.0,202.0,336.0,211.0,122.0,124.0,538.0,449.0,156.0,828.0,379.0,298.0,1083.0,348.0,259.0,24.0,370.0,2425.0,3284.0,291.0,529.0,37.0,159.0,313.0,485.0,119.0,817.0,170.0,716.0,7066.0,213.0,222.0,69.0,236.0,178.0,242.0,254.0,243.0,2472.0,364.0,585.0,266.0,169.0,324.0,1055.0,490.0,539.0,1044.0,250.0,429.0,1284.0,87.0,986.0,400.0,346.0,427.0,969.0,657.0,1120.0,94.0,1433.0,165.0,435.0,72.0,670.0,1353.0,219.0,254.0,162.0,312.0,174.0,41.0,0.0,0.0,0.0,0.0,0.0,0.0,0.0,0.0,0.0,0.0,0.0,0.0,0.0,0.0,0.0,0.0,0.0,0.0,0.0,0.0,0.0,0.0,0.0,0.0,0.0,0.0,0.0,0.0,0.0,0.0,0.0,0.0,0.0,0.0,0.0,0.0,0.0,0.0,0.0,0.0,0.0,0.0,0.0,0.0,0.0,0.0,0.0,0.0,0.0
156.0,256.0,393.0,237.0,94.0,319.0,1437.0,948.0,187.0,1363.0,480.0,1624.0,1960.0,809.0,343.0,966.0,18.0,1514.0,2721.0,344.0,404.0,210.0,200.0,200.0,159.0,609.0,608.0,147.0,866.0,731.0,509.0,641.0,134.0,426.0,75.0,678.0,2571.0,1888.0,488.0,697.0,52.0,138.0,287.0,423.0,182.0,1370.0,220.0,1146.0,4278.0,307.0,302.0,122.0,365.0,210.0,229.0,262.0,421.0,1833.0,658.0,701.0,602.0,160.0,459.0,1277.0,333.0,411.0,1266.0,430.0,148.0,651.0,102.0,784.0,731.0,449.0,863.0,893.0,515.0,1893.0,173.0,993.0,110.0,836.0,144.0,1126.0,1366.0,219.0,424.0,105.0,671.0,340.0,124.0,90.0,0.0,0.0,0.0,0.0,0.0,0.0,0.0,0.0,0.0,0.0,0.0,0.0,0.0,0.0,0.0,0.0,0.0,0.0,0.0,0.0,0.0,0.0,0.0,0.0,0.0,0.0,0.0,0.0,0.0,0.0,0.0,0.0,0.0,0.0,0.0,0.0,0.0,0.0,0.0,0.0,0.0,0.0,0.0,0.0,0.0,0.0,0.0,0.0
115.0,120.0,531.0,125.0,42.0,174.0,1125.0,474.0,205.0,573.0,349.0,980.0,1271.0,350.0,140.0,571.0,18.0,1041.0,1692.0,305.0,179.0,108.0,137.0,72.0,110.0,531.0,224.0,37.0,707.0,299.0,299.0,522.0,116.0,213.0,49.0,376.0,1926.0,1794.0,223.0,437.0,67.0,164.0,325.0,202.0,91.0,794.0,150.0,585.0,3091.0,112.0,214.0,80.0,201.0,128.0,143.0,122.0,210.0,1288.0,336.0,510.0,371.0,122.0,354.0,845.0,167.0,343.0,918.0,150.0,125.0,623.0,61.0,588.0,415.0,214.0,496.0,1046.0,142.0,1001.0,136.0,953.0,110.0,331.0,50.0,670.0,957.0,133.0,509.0,67.0,267.0,246.0,84.0,252.0,25.0,9.0,0.0,0.0,0.0,0.0,0.0,0.0,0.0,0.0,0.0,0.0,0.0,0.0,0.0,0.0,0.0,0.0,0.0,0.0,0.0,0.0,0.0,0.0,0.0,0.0,0.0,0.0,0.0,0.0,0.0,0.0,0.0,0.0,0.0,0.0,0.0,0.0,0.0,0.0,0.0,0.0,0.0,0.0,0.0,0.0,0.0,0.0
197.0,256.0,296.0,148.0,140.0,426.0,940.0,562.0,321.0,827.0,481.0,1726.0,815.0,330.0,126.0,252.0,19.0,1436.0,2303.0,363.0,179.0,193.0,205.0,99.0,194.0,562.0,113.0,18.0,930.0,370.0,451.0,740.0,232.0,312.0,50.0,572.0,2340.0,812.0,339.0,624.0,115.0,233.0,248.0,325.0,147.0,1009.0,140.0,489.0,1361.0,195.0,372.0,127.0,274.0,138.0,223.0,180.0,170.0,1579.0,371.0,368.0,307.0,169.0,248.0,614.0,402.0,480.0,798.0,250.0,273.0,605.0,92.0,439.0,566.0,269.0,437.0,1287.0,506.0,1074.0,259.0,650.0,159.0,487.0,61.0,844.0,1001.0,105.0,450.0,96.0,331.0,174.0,119.0,270.0,17.0,244.0,29.0,89.0,11.0,9.0,0.0,0.0,0.0,0.0,0.0,0.0,0.0,0.0,0.0,0.0,0.0,0.0,0.0,0.0,0.0,0.0,0.0,0.0,0.0,0.0,0.0,0.0,0.0,0.0,0.0,0.0,0.0,0.0,0.0,0.0,0.0,0.0,0.0,0.0,0.0,0.0,0.0,0.0,0.0,0.0,0.0,0.0
361.0,299.0,200.0,230.0,119.0,503.0,269.0,496.0,508.0,630.0,747.0,1149.0,1135.0,533.0,182.0,176.0,18.0,1325.0,1774.0,638.0,168.0,353.0,296.0,160.0,331.0,371.0,101.0,9.0,131.0,440.0,625.0,634.0,303.0,448.0,87.0,410.0,2150.0,226.0,291.0,763.0,129.0,276.0,218.0,352.0,49.0,689.0,145.0,592.0,663.0,171.0,593.0,128.0,391.0,105.0,235.0,205.0,268.0,678.0,336.0,150.0,454.0,253.0,324.0,250.0,461.0,677.0,396.0,210.0,343.0,604.0,168.0,159.0,469.0,297.0,408.0,710.0,545.0,1046.0,367.0,145.0,311.0,528.0,122.0,796.0,410.0,114.0,95.0,143.0,378.0,197.0,234.0,270.0,42.0,174.0,43.0,282.0,199.0,130.0,6.0,20.0,0.0,0.0,0.0,0.0,0.0,0.0,0.0,0.0,0.0,0.0,0.0,0.0,0.0,0.0,0.0,0.0,0.0,0.0,0.0,0.0,0.0,0.0,0.0,0.0,0.0,0.0,0.0,0.0,0.0,0.0,0.0,0.0,0.0,0.0,0.0,0.0,0.0,0.0,0.0,0.0
156.0,248.0,239.0,148.0,119.0,379.0,655.0,373.0,277.0,1165.0,390.0,1727.0,1038.0,496.0,189.0,177.0,18.0,1212.0,1893.0,438.0,202.0,152.0,165.0,110.0,159.0,435.0,348.0,0.0,671.0,625.0,337.0,692.0,160.0,403.0,118.0,421.0,4283.0,718.0,329.0,502.0,73.0,180.0,217.0,431.0,0.0,681.0,100.0,494.0,2345.0,177.0,214.0,85.0,336.0,105.0,180.0,107.0,138.0,1326.0,294.0,184.0,401.0,103.0,263.0,547.0,392.0,413.0,852.0,230.0,172.0,735.0,56.0,466.0,642.0,262.0,446.0,1075.0,363.0,992.0,244.0,772.0,158.0,552.0,222.0,1068.0,949.0,133.0,122.0,77.0,341.0,331.0,130.0,342.0,100.0,914.0,50.0,385.0,215.0,74.0,17.0,78.0,9.0,47.0,0.0,0.0,0.0,0.0,0.0,0.0,0.0,0.0,0.0,0.0,0.0,0.0,0.0,0.0,0.0,0.0,0.0,0.0,0.0,0.0,0.0,0.0,0.0,0.0,0.0,0.0,0.0,0.0,0.0,0.0,0.0,0.0,0.0,0.0,0.0,0.0,0.0,0.0
132.0,247.0,229.0,166.0,135.0,440.0,823.0,511.0,206.0,668.0,449.0,1498.0,777.0,386.0,147.0,176.0,9.0,1084.0,1438.0,315.0,184.0,134.0,154.0,78.0,124.0,308.0,395.0,46.0,1033.0,414.0,365.0,569.0,161.0,464.0,93.0,431.0,3225.0,936.0,287.0,698.0,52.0,127.0,205.0,307.0,56.0,582.0,120.0,345.0,3661.0,219.0,221.0,111.0,355.0,83.0,117.0,123.0,178.0,1305.0,245.0,204.0,413.0,103.0,143.0,441.0,304.0,392.0,732.0,140.0,211.0,474.0,97.0,879.0,628.0,242.0,370.0,1046.0,347.0,746.0,210.0,829.0,153.0,464.0,200.0,1261.0,898.0,124.0,117.0,39.0,414.0,261.0,145.0,234.0,125.0,1697.0,65.0,289.0,253.0,83.0,117.0,137.0,9.0,94.0,37.0,0.0,0.0,0.0,0.0,0.0,0.0,0.0,0.0,0.0,0.0,0.0,0.0,0.0,0.0,0.0,0.0,0.0,0.0,0.0,0.0,0.0,0.0,0.0,0.0,0.0,0.0,0.0,0.0,0.0,0.0,0.0,0.0,0.0,0.0,0.0,0.0,0.0
172.0,290.0,166.0,225.0,135.0,532.0,261.0,505.0,223.0,808.0,432.0,1820.0,1155.0,468.0,119.0,286.0,37.0,1350.0,1755.0,220.0,252.0,160.0,160.0,56.0,76.0,308.0,342.0,111.0,363.0,432.0,375.0,648.0,196.0,365.0,86.0,426.0,2941.0,258.0,243.0,754.0,52.0,159.0,173.0,343.0,91.0,868.0,55.0,404.0,2419.0,166.0,269.0,111.0,374.0,94.0,143.0,148.0,195.0,1522.0,280.0,251.0,389.0,75.0,211.0,595.0,294.0,354.0,972.0,210.0,188.0,530.0,107.0,132.0,456.0,242.0,417.0,749.0,419.0,910.0,223.0,378.0,146.0,586.0,342.0,1280.0,865.0,114.0,196.0,29.0,294.0,206.0,88.0,288.0,108.0,792.0,158.0,370.0,347.0,102.0,78.0,147.0,18.0,172.0,76.0,10.0,19.0,0.0,0.0,0.0,0.0,0.0,0.0,0.0,0.0,0.0,0.0,0.0,0.0,0.0,0.0,0.0,0.0,0.0,0.0,0.0,0.0,0.0,0.0,0.0,0.0,0.0,0.0,0.0,0.0,0.0,0.0,0.0,0.0,0.0,0.0,0.0
197.0,188.0,194.0,324.0,109.0,471.0,486.0,605.0,250.0,789.0,532.0,1828.0,1659.0,552.0,105.0,353.0,0.0,1427.0,2293.0,229.0,285.0,277.0,257.0,29.0,138.0,371.0,448.0,120.0,689.0,537.0,395.0,416.0,161.0,289.0,143.0,481.0,3216.0,413.0,270.0,772.0,41.0,180.0,217.0,325.0,154.0,869.0,95.0,521.0,2465.0,101.0,134.0,133.0,446.0,116.0,167.0,123.0,162.0,1231.0,392.0,136.0,478.0,85.0,406.0,596.0,392.0,304.0,954.0,240.0,343.0,521.0,143.0,105.0,525.0,366.0,475.0,797.0,427.0,992.0,230.0,406.0,146.0,650.0,359.0,1523.0,963.0,143.0,132.0,96.0,570.0,270.0,193.0,306.0,100.0,653.0,151.0,422.0,331.0,56.0,94.0,176.0,120.0,182.0,91.0,98.0,159.0,8.0,0.0,0.0,0.0,0.0,0.0,0.0,0.0,0.0,0.0,0.0,0.0,0.0,0.0,0.0,0.0,0.0,0.0,0.0,0.0,0.0,0.0,0.0,0.0,0.0,0.0,0.0,0.0,0.0,0.0,0.0,0.0,0.0,0.0,0.0
247.0,171.0,200.0,348.0,156.0,562.0,554.0,687.0,320.0,836.0,565.0,2024.0,1640.0,901.0,147.0,378.0,0.0,1850.0,2458.0,210.0,319.0,269.0,239.0,155.0,118.0,356.0,750.0,212.0,1032.0,651.0,422.0,792.0,178.0,68.0,118.0,554.0,3835.0,429.0,138.0,754.0,88.0,207.0,288.0,422.0,245.0,1238.0,105.0,521.0,4002.0,189.0,151.0,117.0,401.0,121.0,81.0,188.0,170.0,1617.0,231.0,272.0,489.0,141.0,331.0,470.0,461.0,471.0,1380.0,230.0,375.0,474.0,97.0,254.0,518.0,435.0,339.0,1075.0,372.0,1202.0,173.0,684.0,183.0,736.0,491.0,1678.0,1451.0,191.0,154.0,76.0,515.0,434.0,109.0,297.0,208.0,1566.0,166.0,555.0,535.0,167.0,160.0,225.0,222.0,291.0,64.0,245.0,451.0,108.0,292.0,6.0,9.0,122.0,0.0,0.0,0.0,0.0,0.0,0.0,0.0,0.0,0.0,0.0,0.0,0.0,0.0,0.0,0.0,0.0,0.0,0.0,0.0,0.0,0.0,0.0,0.0,0.0,0.0,0.0,0.0,0.0,0.0,0.0
99.0,180.0,223.0,242.0,208.0,319.0,428.0,708.0,232.0,714.0,298.0,1879.0,923.0,736.0,252.0,470.0,9.0,1626.0,2102.0,210.0,286.0,269.0,250.0,171.0,83.0,317.0,579.0,257.0,689.0,379.0,298.0,700.0,250.0,53.0,111.0,556.0,2512.0,553.0,351.0,680.0,46.0,186.0,294.0,395.0,154.0,1222.0,105.0,611.0,3238.0,207.0,269.0,122.0,246.0,84.0,105.0,213.0,154.0,1541.0,441.0,218.0,478.0,150.0,293.0,566.0,333.0,255.0,840.0,435.0,210.0,503.0,117.0,233.0,801.0,490.0,447.0,1085.0,340.0,1302.0,302.0,632.0,146.0,691.0,518.0,1581.0,846.0,257.0,148.0,29.0,506.0,340.0,136.0,342.0,224.0,1123.0,173.0,614.0,396.0,113.0,116.0,206.0,298.0,172.0,81.0,284.0,893.0,223.0,612.0,28.0,258.0,608.0,7.0,54.0,0.0,0.0,0.0,0.0,0.0,0.0,0.0,0.0,0.0,0.0,0.0,0.0,0.0,0.0,0.0,0.0,0.0,0.0,0.0,0.0,0.0,0.0,0.0,0.0,0.0,0.0,0.0,0.0
131.0,213.0,222.0,319.0,187.0,395.0,872.0,606.0,232.0,724.0,432.0,2262.0,904.0,1077.0,224.0,538.0,9.0,2108.0,2503.0,296.0,437.0,252.0,142.0,165.0,138.0,286.0,691.0,322.0,689.0,439.0,375.0,811.0,134.0,99.0,174.0,645.0,3267.0,562.0,334.0,1024.0,114.0,201.0,282.0,396.0,189.0,1278.0,60.0,657.0,3873.0,172.0,411.0,122.0,228.0,155.0,161.0,148.0,292.0,2256.0,245.0,313.0,437.0,169.0,301.0,586.0,431.0,373.0,1314.0,490.0,297.0,400.0,122.0,313.0,808.0,421.0,388.0,1124.0,513.0,1274.0,288.0,876.0,158.0,731.0,457.0,1592.0,1326.0,238.0,138.0,95.0,617.0,356.0,104.0,459.0,274.0,1401.0,122.0,600.0,414.0,531.0,161.0,275.0,204.0,218.0,91.0,294.0,779.0,339.0,483.0,34.0,374.0,899.0,0.0,61.0,9.0,34.0,14.0,87.0,37.0,37.0,10.0,0.0,0.0,0.0,0.0,0.0,0.0,0.0,0.0,0.0,0.0,0.0,0.0,0.0,0.0,0.0,0.0,0.0,0.0,0.0,0.0,0.0
182.0,256.0,387.0,561.0,317.0,273.0,1150.0,1102.0,232.0,1232.0,739.0,2628.0,2105.0,1601.0,329.0,1034.0,0.0,3656.0,2694.0,336.0,387.0,362.0,205.0,216.0,180.0,514.0,1032.0,312.0,1069.0,476.0,297.0,938.0,312.0,236.0,186.0,755.0,3870.0,1014.0,435.0,623.0,120.0,282.0,378.0,642.0,161.0,1673.0,185.0,846.0,7563.0,355.0,633.0,164.0,391.0,188.0,309.0,81.0,252.0,3065.0,518.0,354.0,572.0,216.0,526.0,950.0,539.0,667.0,2370.0,630.0,288.0,1042.0,153.0,510.0,1118.0,918.0,593.0,1565.0,711.0,2502.0,295.0,1653.0,165.0,905.0,683.0,2571.0,2282.0,399.0,244.0,266.0,1261.0,585.0,130.0,675.0,332.0,2783.0,238.0,807.0,677.0,177.0,238.0,304.0,171.0,364.0,81.0,353.0,1268.0,401.0,904.0,89.0,285.0,681.0,0.0,238.0,138.0,217.0,154.0,189.0,112.0,479.0,68.0,195.0,0.0,0.0,0.0,0.0,0.0,0.0,0.0,0.0,0.0,0.0,0.0,0.0,0.0,0.0,0.0,0.0,0.0,0.0,0.0,0.0
172.0,213.0,182.0,201.0,167.0,395.0,570.0,795.0,222.0,611.0,448.0,851.0,727.0,442.0,119.0,580.0,0.0,1557.0,1029.0,372.0,286.0,151.0,405.0,316.0,201.0,261.0,519.0,110.0,595.0,590.0,433.0,158.0,107.0,221.0,230.0,458.0,1523.0,608.0,392.0,317.0,109.0,126.0,230.0,264.0,147.0,822.0,75.0,540.0,3579.0,178.0,396.0,117.0,155.0,105.0,117.0,82.0,299.0,1768.0,259.0,347.0,466.0,132.0,316.0,566.0,167.0,324.0,1122.0,265.0,164.0,558.0,184.0,435.0,504.0,400.0,388.0,691.0,324.0,965.0,252.0,499.0,189.0,551.0,386.0,767.0,1619.0,247.0,74.0,48.0,451.0,339.0,213.0,387.0,125.0,983.0,86.0,563.0,259.0,335.0,34.0,254.0,400.0,286.0,108.0,177.0,903.0,239.0,741.0,56.0,348.0,389.0,0.0,231.0,156.0,170.0,56.0,65.0,205.0,404.0,118.0,12.0,30.0,97.0,0.0,0.0,0.0,0.0,0.0,0.0,0.0,0.0,0.0,0.0,0.0,0.0,0.0,0.0,0.0,0.0,0.0,0.0
131.0,196.0,451.0,165.0,135.0,266.0,445.0,410.0,179.0,507.0,490.0,844.0,486.0,552.0,119.0,387.0,0.0,1153.0,910.0,391.0,168.0,185.0,154.0,118.0,110.0,514.0,331.0,174.0,353.0,255.0,289.0,363.0,267.0,175.0,229.0,369.0,1660.0,375.0,275.0,642.0,52.0,164.0,307.0,352.0,112.0,476.0,35.0,287.0,2235.0,207.0,151.0,85.0,127.0,28.0,129.0,49.0,170.0,2143.0,189.0,306.0,259.0,132.0,203.0,288.0,343.0,197.0,1182.0,275.0,289.0,494.0,51.0,138.0,331.0,304.0,359.0,1497.0,292.0,537.0,143.0,435.0,92.0,289.0,210.0,912.0,1002.0,124.0,59.0,38.0,257.0,221.0,99.0,432.0,133.0,679.0,130.0,370.0,199.0,325.0,72.0,98.0,231.0,177.0,81.0,117.0,622.0,115.0,517.0,73.0,178.0,469.0,21.0,129.0,95.0,89.0,49.0,64.0,167.0,184.0,68.0,35.0,79.0,389.0,0.0,0.0,0.0,0.0,0.0,0.0,0.0,0.0,0.0,0.0,0.0,0.0,0.0,0.0,0.0,0.0,0.0,0.0
360.0,213.0,331.0,153.0,151.0,403.0,310.0,715.0,214.0,554.0,548.0,1633.0,785.0,634.0,140.0,689.0,0.0,1582.0,1574.0,495.0,235.0,184.0,245.0,227.0,173.0,466.0,426.0,286.0,427.0,370.0,547.0,614.0,303.0,266.0,249.0,566.0,4076.0,304.0,381.0,893.0,156.0,126.0,340.0,493.0,252.0,590.0,55.0,202.0,1610.0,231.0,301.0,164.0,355.0,50.0,130.0,41.0,137.0,1494.0,315.0,245.0,284.0,75.0,210.0,356.0,362.0,324.0,990.0,260.0,367.0,548.0,112.0,185.0,621.0,194.0,359.0,1095.0,530.0,774.0,230.0,371.0,237.0,458.0,286.0,2086.0,787.0,115.0,85.0,39.0,451.0,119.0,176.0,315.0,158.0,626.0,144.0,451.0,161.0,447.0,139.0,187.0,359.0,141.0,161.0,226.0,714.0,200.0,455.0,45.0,267.0,591.0,14.0,88.0,215.0,143.0,63.0,86.0,195.0,524.0,79.0,59.0,158.0,999.0,39.0,31.0,19.0,162.0,0.0,0.0,0.0,0.0,0.0,0.0,0.0,0.0,0.0,0.0,0.0,0.0,0.0,0.0
327.0,137.0,331.0,218.0,171.0,342.0,343.0,548.0,161.0,555.0,506.0,1531.0,562.0,469.0,175.0,596.0,0.0,1334.0,1256.0,429.0,235.0,126.0,165.0,217.0,83.0,380.0,330.0,230.0,363.0,492.0,452.0,497.0,214.0,206.0,169.0,571.0,3595.0,140.0,324.0,493.0,73.0,149.0,230.0,431.0,224.0,376.0,90.0,202.0,1702.0,154.0,134.0,106.0,337.0,66.0,143.0,57.0,97.0,1166.0,238.0,102.0,278.0,122.0,218.0,345.0,382.0,305.0,792.0,200.0,242.0,466.0,97.0,165.0,462.0,179.0,300.0,692.0,348.0,537.0,180.0,290.0,122.0,406.0,331.0,1659.0,664.0,86.0,59.0,48.0,414.0,254.0,218.0,189.0,116.0,530.0,115.0,444.0,127.0,455.0,73.0,138.0,213.0,239.0,140.0,206.0,799.0,231.0,381.0,39.0,249.0,421.0,40.0,143.0,190.0,197.0,70.0,75.0,93.0,387.0,147.0,48.0,168.0,956.0,68.0,16.0,77.0,200.0,100.0,0.0,0.0,0.0,0.0,0.0,0.0,0.0,0.0,0.0,0.0,0.0,0.0,0.0
279.0,162.0,188.0,195.0,83.0,357.0,345.0,569.0,241.0,903.0,448.0,1488.0,748.0,579.0,189.0,764.0,0.0,1833.0,1356.0,372.0,192.0,117.0,217.0,238.0,152.0,301.0,366.0,276.0,418.0,466.0,576.0,601.0,214.0,342.0,205.0,577.0,4094.0,281.0,371.0,474.0,119.0,138.0,269.0,554.0,161.0,533.0,75.0,144.0,2751.0,195.0,167.0,159.0,392.0,39.0,186.0,74.0,113.0,1005.0,364.0,129.0,302.0,94.0,263.0,384.0,393.0,490.0,834.0,240.0,180.0,512.0,87.0,186.0,725.0,249.0,291.0,826.0,419.0,819.0,288.0,429.0,158.0,533.0,227.0,2523.0,737.0,153.0,27.0,38.0,488.0,167.0,140.0,315.0,174.0,635.0,180.0,384.0,127.0,335.0,105.0,137.0,222.0,167.0,81.0,206.0,892.0,146.0,415.0,34.0,214.0,469.0,21.0,68.0,163.0,116.0,98.0,113.0,158.0,332.0,137.0,30.0,198.0,1118.0,96.0,16.0,128.0,214.0,140.0,0.0,0.0,0.0,0.0,0.0,0.0,0.0,0.0,0.0,0.0,0.0,0.0,0.0
343.0,179.0,177.0,159.0,109.0,243.0,385.0,554.0,71.0,949.0,473.0,1464.0,612.0,525.0,77.0,680.0,9.0,1437.0,1357.0,562.0,134.0,84.0,217.0,206.0,186.0,231.0,425.0,285.0,484.0,492.0,510.0,527.0,330.0,365.0,223.0,471.0,3809.0,219.0,329.0,586.0,32.0,85.0,212.0,414.0,210.0,646.0,95.0,118.0,2475.0,207.0,143.0,111.0,227.0,100.0,154.0,123.0,138.0,1006.0,364.0,171.0,236.0,103.0,256.0,269.0,246.0,314.0,732.0,130.0,109.0,381.0,148.0,169.0,579.0,152.0,379.0,864.0,379.0,1284.0,375.0,371.0,103.0,505.0,184.0,1940.0,567.0,105.0,26.0,29.0,387.0,166.0,198.0,252.0,42.0,740.0,151.0,319.0,166.0,280.0,106.0,186.0,179.0,114.0,97.0,206.0,856.0,261.0,231.0,51.0,178.0,592.0,34.0,102.0,95.0,143.0,112.0,102.0,242.0,359.0,79.0,65.0,159.0,724.0,77.0,23.0,115.0,200.0,240.0,67.0,87.0,19.0,0.0,0.0,0.0,0.0,0.0,0.0,0.0,0.0,0.0,0.0
418.0,162.0,177.0,325.0,83.0,198.0,369.0,621.0,81.0,629.0,706.0,1795.0,786.0,846.0,70.0,697.0,56.0,1772.0,2439.0,467.0,145.0,84.0,257.0,227.0,159.0,310.0,425.0,211.0,633.0,572.0,490.0,587.0,151.0,403.0,348.0,560.0,3698.0,312.0,407.0,659.0,119.0,117.0,236.0,510.0,252.0,859.0,60.0,195.0,2558.0,165.0,119.0,101.0,309.0,94.0,236.0,122.0,113.0,902.0,532.0,68.0,302.0,169.0,255.0,355.0,295.0,334.0,870.0,220.0,226.0,270.0,112.0,213.0,435.0,207.0,340.0,883.0,513.0,864.0,454.0,313.0,159.0,556.0,145.0,1979.0,625.0,105.0,47.0,67.0,442.0,174.0,161.0,333.0,125.0,861.0,144.0,362.0,177.0,242.0,72.0,196.0,375.0,115.0,134.0,274.0,1025.0,284.0,191.0,28.0,187.0,648.0,59.0,75.0,112.0,156.0,98.0,76.0,112.0,441.0,197.0,41.0,178.0,766.0,144.0,39.0,64.0,207.0,100.0,57.0,317.0,260.0,9.0,20.0,19.0,67.0,20.0,0.0,0.0,0.0,0.0,0.0
311.0,179.0,108.0,189.0,84.0,206.0,361.0,584.0,285.0,386.0,731.0,1914.0,679.0,607.0,140.0,773.0,102.0,1797.0,1664.0,314.0,173.0,118.0,308.0,276.0,104.0,270.0,360.0,275.0,251.0,422.0,413.0,732.0,98.0,403.0,248.0,593.0,2967.0,148.0,467.0,511.0,115.0,102.0,198.0,572.0,252.0,780.0,50.0,234.0,1527.0,95.0,103.0,95.0,400.0,50.0,186.0,237.0,162.0,893.0,336.0,54.0,313.0,169.0,226.0,327.0,373.0,284.0,588.0,155.0,250.0,419.0,87.0,238.0,642.0,186.0,388.0,701.0,490.0,919.0,366.0,180.0,128.0,476.0,160.0,1950.0,439.0,10.0,38.0,29.0,413.0,158.0,161.0,225.0,108.0,1175.0,187.0,385.0,275.0,270.0,122.0,225.0,264.0,93.0,86.0,304.0,808.0,162.0,176.0,61.0,161.0,665.0,33.0,27.0,180.0,95.0,84.0,129.0,56.0,276.0,147.0,65.0,169.0,886.0,152.0,39.0,128.0,208.0,240.0,86.0,372.0,167.0,178.0,41.0,103.0,188.0,108.0,9.0,0.0,0.0,0.0,0.0
328.0,145.0,165.0,307.0,125.0,273.0,269.0,584.0,393.0,376.0,605.0,2067.0,941.0,920.0,140.0,705.0,83.0,1807.0,1539.0,381.0,242.0,143.0,336.0,305.0,221.0,293.0,384.0,294.0,251.0,511.0,528.0,720.0,134.0,449.0,378.0,722.0,2881.0,172.0,276.0,650.0,104.0,122.0,461.0,713.0,322.0,911.0,95.0,91.0,2613.0,165.0,214.0,133.0,337.0,61.0,173.0,132.0,356.0,1137.0,623.0,88.0,455.0,150.0,285.0,480.0,363.0,305.0,834.0,160.0,359.0,401.0,122.0,217.0,670.0,242.0,359.0,806.0,640.0,1010.0,310.0,186.0,201.0,580.0,139.0,2347.0,654.0,38.0,32.0,48.0,405.0,261.0,171.0,252.0,83.0,757.0,288.0,422.0,402.0,390.0,99.0,255.0,299.0,88.0,150.0,353.0,874.0,239.0,273.0,62.0,249.0,632.0,79.0,41.0,147.0,109.0,105.0,75.0,252.0,386.0,235.0,36.0,198.0,1372.0,257.0,69.0,108.0,229.0,250.0,219.0,459.0,205.0,244.0,62.0,198.0,161.0,137.0,134.0,239.0,16.0,133.0,122.0
156.0,162.0,148.0,271.0,99.0,91.0,260.0,329.0,205.0,320.0,373.0,2186.0,941.0,460.0,133.0,765.0,102.0,1675.0,1848.0,190.0,146.0,84.0,177.0,154.0,104.0,174.0,408.0,248.0,140.0,414.0,326.0,746.0,223.0,281.0,192.0,431.0,2012.0,94.0,254.0,483.0,73.0,80.0,204.0,642.0,161.0,852.0,50.0,104.0,2898.0,183.0,237.0,80.0,391.0,88.0,155.0,139.0,162.0,1062.0,476.0,75.0,431.0,160.0,263.0,384.0,481.0,441.0,816.0,125.0,195.0,400.0,107.0,138.0,580.0,207.0,155.0,595.0,577.0,1192.0,201.0,180.0,134.0,551.0,66.0,2057.0,514.0,95.0,53.0,114.0,340.0,150.0,94.0,234.0,83.0,1061.0,187.0,422.0,385.0,335.0,121.0,157.0,272.0,68.0,151.0,392.0,1231.0,193.0,314.0,84.0,142.0,681.0,66.0,75.0,138.0,170.0,105.0,97.0,149.0,359.0,108.0,65.0,168.0,1302.0,95.0,77.0,122.0,252.0,190.0,152.0,415.0,121.0,113.0,116.0,113.0,127.0,363.0,89.0,378.0,64.0,90.0,171.0
